<?xml version="1.0" encoding="utf-8"?>
<skin>
    <information>
        <name>fast itcider</name>
        <version>7.8</version>
        <description>
            <![CDATA[FI스킨은 사용자의 편의, 빠른 로딩, 쉬운 설정이 가능한 무료 티스토리 스킨입니다. ]]>
        </description>
        <license>
            <![CDATA[itcider skin license 저작자 표시 제거 절대 불가, 재배포 불가, 코드 무단 사용 불가]]>
        </license>
    </information>
    <author>
        <name>itcider 쉽고 시원한 it</name>
        <homepage>https://itcider.com</homepage>
        <email>support@itcider.com</email>
    </author>
    <default>
        <entriesOnPage>6</entriesOnPage>
        <entriesOnList>6</entriesOnList>
        <recentEntries>4</recentEntries>
        <recentComments>4</recentComments>
        <recentTrackbacks>4</recentTrackbacks>
        <itemsOnGuestbook>4</itemsOnGuestbook>
        <tagsInCloud>20</tagsInCloud>
        <sortInCloud>3</sortInCloud>
        <expandComment>8</expandComment>
        <lengthOfRecentNotice>40</lengthOfRecentNotice>
        <lengthOfRecentEntry>30</lengthOfRecentEntry>
        <lengthOfRecentComment>40</lengthOfRecentComment>
        <lengthOfRecentTrackback>40</lengthOfRecentTrackback>
        <lengthOfLink>30</lengthOfLink>
        <commentMessage>
            <none>0</none>
            <single>1</single>
        </commentMessage>
        <trackbackMessage>
            <none>0</none>
            <single>1</single>
        </trackbackMessage>
        <contentWidth>700</contentWidth>
        <toolbar>white</toolbar>
    </default>
    <variables>
        <variablegroup name="상단 및 하단 로고">
            <variable>
                <name>logoImage</name>
                <label>로고 (높이 48px)</label>
                <description></description>
                <type>IMAGE</type>
                <option></option>
                <default></default>
            </variable>
        </variablegroup>
      
        <variablegroup name="티스토리 블로그 seo 설정">

            <variable>
                <name>metaportal</name>
                <label>
                    <![CDATA[ 네이버와 구글 메타 태그 인증 켜기 ]]>
                </label>
                <type>BOOL</type>
                <option />
                <default>false</default>
                <description>
                    <![CDATA[ 네이버와 구글 메타 태그 인증 켜기]]>
                </description>
            </variable>
            <variable>
                <name>navermeta</name>
                <label>
                    <![CDATA[ 네이버 사이트 소유 인증]]>
                </label>
                <type>STRING</type>
                <option />
                <default></default>
                <description>
                    <![CDATA[ 네이버 사이트 소유 인증 ]]>
                </description>
            </variable>
            <variable>
                <name>googlemeta</name>
                <label>
                    <![CDATA[ 구글 사이트 소유 인증]]>
                </label>
                <type>STRING</type>
                <option />
                <default></default>
                <description>
                    <![CDATA[ 구글 사이트 소유 인증 ]]>
                </description>
            </variable>
            <variable>
                <name>metaauthor</name>
                <label>
                    <![CDATA[ 블로그 관리자 명 ]]>
                </label>
                <type>STRING</type>
                <option />
                <default></default>
                <description>
                    <![CDATA[ 블로그필명을 적어주세요. ]]>
                </description>
            </variable>
            <variable>
                <name>metakeyword</name>
                <label>
                    <![CDATA[ seo용 키워드 ]]>
                </label>
                <type>STRING</type>
                <option />
                <default></default>
                <description>
                    <![CDATA[ seo 설정 키워드를 적어주세요. ]]>
                </description>
            </variable>
        </variablegroup>

        <variablegroup name="블로그 속도 및 업데이트 설정">

            <variable>
                <name>autoupdate</name>
                <label>
                    <![CDATA[외부 서버 사용(jsdelivr)]]>
                </label>
                <type>BOOL</type>
                <option />
                <default>false</default>
                <description>
                    <![CDATA[외부 서버 사용(jsdelivr)]]>
                </description>
            </variable>
            <variable>
                <name>jqueryconfig</name>
                <label>
                    <![CDATA[우상단의 세 작대기가 작동하지 않을때]]>
                </label>
                <type>BOOL</type>
                <option />
                <default>false</default>
                <description>
                    <![CDATA[우상단의 세 작대기가 작동하지 않을때]]>
                </description>
            </variable>
            <variable>
                <name>ieredirect</name>
                <label>
                    <![CDATA[ ie 리다이렉트 ]]>
                </label>
                <type>BOOL</type>
                <option/>
                <default>true</default>
                <description>
                    <![CDATA[ ie 리다이렉트 설정이 가능합니다. ]]>
                </description>
            </variable>

            <variable>
                <name>ieconfig</name>
                <label>
				    <![CDATA[ ie 리다이렉트 설정 ]]>
				</label>
                <description></description>
                <type>SELECT</type>
                <option>
			<![CDATA[
				[
					{"name":"ietoedge", "label":"엣지 브라우저로 리다이렉트", "value":"ietoedge"},
					{"name":"ietoieitc", "label":"브라우저 다운로드 유도 페이지(iemain)", "value":"ietoieitc"},
					{"name":"ietoitc", "label":"브라우저 다운로드 유도 페이지(itccom)", "value":"ietoitc"}
				]
			]]>
                </option>
                <default>ietoieitc</default>
                <description>
                    <![CDATA[  ie 리다이렉트 설정  ]]>
                </description>
            </variable>

            <variable>
                <name>waiting</name>
                <label>
                    <![CDATA[  로딩바 (광고가 많을 시에 사용)  ]]>
                </label>
                <type>BOOL</type>
                <option />
                <default>false</default>
                <description>
                    <![CDATA[  로딩바 (광고가 많을 시에 사용)  ]]>
                </description>
            </variable>
            <variable>
                <name>lazyload</name>
                <label>
				    <![CDATA[ 이미지 지연로드 설정 ]]>
				</label>
                <description></description>
                <type>SELECT</type>
                <option>
			<![CDATA[
				[
					{"name":"itciderlazyload1", "label":"이미지 지연로드 A", "value":"itciderlazyload1"},
					{"name":"itciderlazyload2", "label":"이미지 지연로드 B", "value":"itciderlazyload2"},
					{"name":"lazydisabled", "label":"이미지 지연로드 비활성화", "value":"lazydisabled"}
				]
			]]>
                </option>
                <default>itciderlazyload1</default>
                <description>
                    <![CDATA[  이미지 지연로드 설정  ]]>
                </description>
            </variable>
           
            <variable>
                <name>daumcdnfont</name>
                <label>
                    <![CDATA[티스토리 폰트 사용 여부]]>
                </label>
                <type>BOOL</type>
                <option />
                <default>false</default>
                <description>
                    <![CDATA[티스토리 폰트 사용 여부 ]]>
                </description>
            </variable>
            
        </variablegroup>

 		<variablegroup name="저작권 및 리소스 보호">
            <variable>
                <name>discopy</name>
                <label>
                    <![CDATA[ 우클릭 및 개발자도구 제한]]>
                </label>
                <type>BOOL</type>
                <option />
                <default>false</default>
                <description>
                    <![CDATA[ 우클릭 및 개발자도구 제한 ]]>
                </description>
            </variable>
			<variable>
                <name>copyscript</name>
                <label>
                    <![CDATA[ 복사시 자동 출처 표기 ]]>
                </label>
                <type>BOOL</type>
                <option />
                <default>true</default>
                <description>
                    <![CDATA[ 복사시 자동 출처 표기  ]]>
                </description>
            </variable>
            <variable>
                <name>copyscriptsource</name>
                <label>
                    <![CDATA[ 출처 표기 문구 - 특수기호를 쓰지 마시길 바랍니다. ]]>
                </label>
                <type>STRING</type>
                <option />
                <default>위 블로그글은 저작권법에 의해서 보호됩니다. 무단 전재 또는 복제시 관련법에 따라 처벌될 수 있습니다.</default>
                <description>
                    <![CDATA[ 출처 표기 문구 ]]>
                </description>
            </variable>
        </variablegroup>

 		<variablegroup name="url 리다이렉트 (잘못 설정할 경우 사이트가 작동되지 않을 수 있습니다.)">
            <variable>
                <name>redirection</name>
                <label>
                    <![CDATA[ 리다이렉트 - 잘못된 url은 오작동을 일으킬 수 있습니다.]]>
                </label>
                <type>BOOL</type>
                <option />
                <default>false</default>
                <description>
                    <![CDATA[ 필요하신 경우 리다이렉트를 활성화시키실 수 있습니다. ]]>
                </description>
            </variable>
            <variable>
                <name>url1</name>
                <label>
                    <![CDATA[ 리다이렉트 대상 url1 ]]>
                </label>
                <type>STRING</type>
                <option />
                <default>https://r1.itcider.com</default>
                <description>
                    <![CDATA[ 리다이렉트 대상 url1을 적어주세요. ]]>
                </description>
            </variable>
            <variable>
                <name>url2</name>
                <label>
                    <![CDATA[ 리다이렉트 대상 url2 ]]>
                </label>
                <type>STRING</type>
                <option />
                <default>https://r2.itcider.com</default>
                <description>
                    <![CDATA[ 리다이렉트 대상 url2를 적어주세요. ]]>
                </description>
            </variable>
            <variable>
                <name>urlreal</name>
                <label>
                    <![CDATA[ 현재 티스토리 주소 ]]>
                </label>
                <type>STRING</type>
                <option />
                <default>https://itcider.com</default>
                <description>
                    <![CDATA[ 현재 티스토리 주소를 적어주세요. ]]>
                </description>
            </variable>
        </variablegroup>

        <variablegroup name="Fi스킨 다크모드 설정">
            <variable>
                <name>darkmodeconfig</name>
                <label>
				    <![CDATA[ 라이트/다크모드 설정 ]]>
				</label>
                <description></description>
                <type>SELECT</type>
                <option>
			<![CDATA[
				[
					{"name":"autolightdark", "label":"자동으로 라이트/다크 모드", "value":"autolightdark"},
					{"name":"onlylight", "label":"라이트모드만 사용", "value":"onlylight"},
					{"name":"onlydark", "label":"다크모드만 사용", "value":"onlydark"}
				]
			]]>
                </option>
                <default>autolightdark</default>
            </variable>
        </variablegroup>

		<variablegroup name="블로그 검색창 설정">
            <variable>
                <name>searchkeyword</name>
                <label>
				    <![CDATA[ 검색창 문구 ]]>
				</label>
                <description>
				<![CDATA[ 검색창 문구 ]]>
				</description>
                <type>STRING</type>
                <option></option>
                <default>검색어를 입력해주세요!</default>
            </variable>
			<variable>
                <name>searchtag</name>
                <label>
                    <![CDATA[ 검색창 아래 태그 ]]>
                </label>
                <type>BOOL</type>
                <option />
                <default>true</default>
                <description>
                    <![CDATA[ 검색창 아래 태그 ]]>
                </description>
            </variable>
			<variable>
                <name>searchreply</name>
                <label>
                    <![CDATA[ 검색창 아래 댓글 목록 ]]>
                </label>
                <type>BOOL</type>
                <option />
                <default>true</default>
                <description>
                    <![CDATA[ 검색창 아래 댓글 목록 ]]>
                </description>
            </variable>
			<variable>
                <name>searcharch</name>
                <label>
                    <![CDATA[ 검색 시 아카이브 목록 ]]>
                </label>
                <type>BOOL</type>
                <option />
                <default>false</default>
                <description>
                    <![CDATA[ 검색 시 아카이브 목록 ]]>
                </description>
            </variable>
						<variable>
                <name>searchrecent</name>
                <label>
                    <![CDATA[ 검색 시 최신글 목록 ]]>
                </label>
                <type>BOOL</type>
                <option />
                <default>true</default>
                <description>
                    <![CDATA[ 검색 시 최신글 목록 ]]>
                </description>
            </variable>
			<variable>
                <name>searchnotice</name>
                <label>
                    <![CDATA[ 검색 시 공지사항 목록 ]]>
                </label>
                <type>BOOL</type>
                <option />
                <default>true</default>
                <description>
                    <![CDATA[ 검색 시 공지사항 목록 ]]>
                </description>
            </variable>
        </variablegroup>

        <variablegroup name="블로그 메인 화면 설정">

            <variable>
                <name>colorSet</name>
                <label>
				    <![CDATA[ 티스토리 색상 설정 ]]>
				</label>
                <description></description>
                <type>SELECT</type>
                <option>
            <![CDATA[
				[
					{"name":"theme_pink", "label":"핑크", "value":"theme_pink"},
					{"name":"theme_blue", "label":"블루", "value":"theme_blue"},
					{"name":"theme_green", "label":"그린", "value":"theme_green"},
					{"name":"theme_gray", "label":"그레이", "value":"theme_gray"}
				]
			]]>
                </option>
                <default>theme_gray</default>
            </variable>
            

            <variable>
                <name>listType</name>
                <label>
				<![CDATA[ 메인페이지 리스트 방식 ]]>
				</label>
                <description></description>
                <type>SELECT</type>
                <option>
                    <![CDATA[
				[
					{"name":"related", "label":"블로그형", "value":"related"}
				]
			]]>
                </option>
                <default>related</default>
            </variable>

            <variable>
                <name>itciderbanner</name>
                <label>
                    <![CDATA[ 페이지 목록에서 배너 송출 여부 ]]>
                </label>
                <type>BOOL</type>
                <option />
                <default>false</default>
                <description>
                    <![CDATA[ 페이지 목록에서 배너 송출 여부 ]]>
                </description>
            </variable>

            <variable>
                <name>itciderbannerurl</name>
                <label>
                    <![CDATA[ 배너를 누를시 이동할 url ]]>
                </label>
                <type>STRING</type>
                <option />
                <default>https://itcider.com/903</default>
                <description>
                    <![CDATA[ 배너를 누를시 이동할 url을 적어주세요. ]]>
                </description>
            </variable>

            <variable>
                <name>itciderbannerimg</name>
                <label>
                    <![CDATA[ 배너에 사용될 이미지 ]]>
                </label>
                <type>IMAGE</type>
                <option />
                <default></default>
                <description>
                    <![CDATA[ 배너에 사용될 이미지를 적어주세요. ]]>
                </description>
            </variable>

            <variable>
                <name>itciderbanneralt</name>
                <label>
                    <![CDATA[ 배너의 alt 값 ]]>
                </label>
                <type>STRING</type>
                <option />
                <default>fi스킨 무료 다운로드</default>
                <description>
                    <![CDATA[ 배너의 alt 값를 적어주세요. ]]>
                </description>
            </variable>

            <variable>
                <name>itcidertitle</name>
                <label>
                    <![CDATA[ 메인 페이지 리스트에서 제목 ]]>
                </label>
                <type>BOOL</type>
                <option />
                <default>true</default>
                <description>
                    <![CDATA[ 메인에서 제목을 보일지 설정이 가능합니다. ]]>
                </description>
            </variable>
            <variable>
                <name>itcidersummary</name>
                <label>
                    <![CDATA[ 메인 페이지 리스트에서 요약 ]]>
                </label>
                <type>BOOL</type>
                <option />
                <default>true</default>
                <description>
                    <![CDATA[ 메인에서 요약을 보일지 설정이 가능합니다. ]]>
                </description>
            </variable>
            <variable>
                <name>itciderdate</name>
                <label>
                    <![CDATA[ 메인 페이지 리스트에서 날짜 ]]>
                </label>
                <type>BOOL</type>
                <option />
                <default>true</default>
                <description>
                    <![CDATA[ 메인에서 날짜를 보일지 설정이 가능합니다. ]]>
                </description>
            </variable>
            <variable>
                <name>itciderposttag</name>
                <label>
                    <![CDATA[ 글 태그 목록 활성화여부]]>
                </label>
                <type>BOOL</type>
                <option />
                <default>true</default>
                <description>
                    <![CDATA[ 글 태그 목록 활성화여부 ]]>
                </description>
            </variable>
            <variable>
                <name>itciderrelate</name>
                <label>
                    <![CDATA[ 관련글 활성화여부]]>
                </label>
                <type>BOOL</type>
                <option />
                <default>true</default>
                <description>
                    <![CDATA[ 관련글 활성화여부 ]]>
                </description>
            </variable>
            <variable>
                <name>itciderrelatetitle</name>
                <label>
                    <![CDATA[ 관련글 제목 활성화 여부]]>
                </label>
                <type>BOOL</type>
                <option />
                <default>true</default>
                <description>
                    <![CDATA[ 관련글 제목 활성화 여부 ]]>
                </description>
            </variable>
            <variable>
                <name>itciderrelatedate</name>
                <label>
                    <![CDATA[ 관련글 날짜 활성화 여부 ]]>
                </label>
                <type>BOOL</type>
                <option />
                <default>true</default>
                <description>
                    <![CDATA[ 관련글 날짜 활성화 여부 ]]>
                </description>
            </variable>
            <variable>
                <name>itciderreplyset</name>
                <label>
                    <![CDATA[ 댓글창 활성화여부 ]]>
                </label>
                <type>BOOL</type>
                <option />
                <default>true</default>
                <description>
                    <![CDATA[ 댓글창 활성화여부 ]]>
                </description>
            </variable>
               <variable>
                <name>itciderguestbookconfig</name>
                <label>
                    <![CDATA[ 방명록 (자유게시판) 활성화여부 ]]>
                </label>
                <type>BOOL</type>
                <option />
                <default>true</default>
                <description>
                    <![CDATA[ 방명록 (자유게시판) 활성화여부 ]]>
                </description>
            </variable>
            <variable>
                <name>replyprofile</name>
                <label>
                    <![CDATA[ 댓글 및 방명록 프로필 이미지 활성화 여부 ]]>
                </label>
                <type>BOOL</type>
                <option />
                <default>true</default>
                <description>
                    <![CDATA[ 댓글 및 방명록 프로필 이미지 활성화 여부 ]]>
                </description>
            </variable>
        </variablegroup>

		<variablegroup name="블로그 목차 설정">
            <variable>
                <name>tocload</name>
                <label>
                    <![CDATA[ 목차 활성화 여부 ]]>
                </label>
                <type>BOOL</type>
                <option/>
                <default>true</default>
                <description>
                    <![CDATA[ 목차 활성화 여부 설정이 가능합니다. ]]>
                </description>
            </variable>
            <variable>
                <name>tocset</name>
                <label>
				    <![CDATA[ 목차설정 ]]>
				</label>
                <description></description>
                <type>SELECT</type>
                <option>
			<![CDATA[
				[
					{"name":"h2", "label":"제목1", "value":"h2"},
					{"name":"h2h3", "label":"제목1 제목2", "value":"h2, h3"},
					{"name":"h2h3h4", "label":"제목1 제목2 제목3", "value":"h2, h3, h4"},
					{"name":"h3only", "label":"제목2", "value":"h3"},
					{"name":"h3h4", "label":"제목2 제목3", "value":"h3, h4"},
					{"name":"h2h4", "label":"제목1 제목3", "value":"h2, h4"},
					{"name":"h4only", "label":"제목3", "value":"h4"}
				]
			]]>
                </option>
                <default>h2</default>
            </variable>
            
            <variable>
                <name>tocoption</name>
                <label>
				    <![CDATA[ 목차 옵션 설정  ]]>
				</label>
                <description></description>
                <type>SELECT</type>
                <option>
			<![CDATA[
				[
                    {"name":"none", "label":"기본(없음)", "value":"none"},
                    {"name":"decimal", "label":"숫자", "value":"decimal"},			
                    {"name":"upper-latin", "label":"대문자", "value":"upper-latin"},
                    {"name":"lower-latin", "label":"소문자", "value":"lower-latin"},
					{"name":"disc", "label":"원", "value":"disc"},
                    {"name":"square", "label":"사각형", "value":"square"},
                    {"name":"circle", "label":"빈 원", "value":"circle"}				
				]
			]]>
                </option>
                <default>none</default>
            </variable>
            <variable>
                <name>tocgrad1</name>
                <label>
                    <![CDATA[목차 그라데이션 컬러1 (라이트 모드에서)]]>
                </label>
                <type>COLOR</type>
                <option />
                <default>#FFFFFF</default>
                <description>
                    <![CDATA[목차 그라데이션 컬러1 (라이트 모드에서)]]>
                </description>
            </variable>
            <variable>
                <name>tocgrad2</name>
                <label>
                    <![CDATA[목차 그라데이션 컬러2 (라이트 모드에서)]]>
                </label>
                <type>COLOR</type>
                <option />
                <default>#ACCCFF</default>
                <description>
                    <![CDATA[목차 그라데이션 컬러2 (라이트 모드에서)]]>
                </description>
            </variable>
            <variable>
                <name>darktocgrad1</name>
                <label>
                    <![CDATA[목차 그라데이션 컬러1 (다크모드에서의 색상)]]>
                </label>
                <type>COLOR</type>
                <option />
                <default>#1E1E1E</default>
                <description>
                    <![CDATA[목차 그라데이션 컬러1 (다크모드에서의 색상)]]>
                </description>
            </variable>
            <variable>
                <name>darktocgrad2</name>
                <label>
                    <![CDATA[목차 그라데이션 컬러2 (다크모드에서의 색상)]]>
                </label>
                <type>COLOR</type>
                <option />
                <default>#BDBDBD</default>
                <description>
                    <![CDATA[목차 그라데이션 컬러2 (다크모드에서의 색상)]]>
                </description>
            </variable>
             <variable>
                <name>itciderarticlebanner</name>
                <label>
                    <![CDATA[ 목차위 배너 활성화 여부 ]]>
                </label>
                <type>BOOL</type>
                <option />
                <default>false</default>
                <description>
                    <![CDATA[ 목차위 배너 활성화 여부 ]]>
                </description>
            </variable>

            <variable>
                <name>itciderarticlebannerurl</name>
                <label>
                    <![CDATA[ 목차 위 배너 url ]]>
                </label>
                <type>STRING</type>
                <option />
                <default>https://itcider.com/903</default>
                <description>
                    <![CDATA[ 목차 위 배너 url을 적어주세요. ]]>
                </description>
            </variable>

            <variable>
                <name>itciderarticlebannerimg</name>
                <label>
                    <![CDATA[ 목차 위 배너 이미지 ]]>
                </label>
                <type>IMAGE</type>
                <option />
                <default></default>
                <description>
                    <![CDATA[ 목차 위 배너 이미지를 적어주세요. ]]>
                </description>
            </variable>

            <variable>
                <name>itciderarticlebanneralt</name>
                <label>
                    <![CDATA[ 목차 위 배너 alt ]]>
                </label>
                <type>STRING</type>
                <option />
                <default>fi스킨 무료 다운로드</default>
                <description>
                    <![CDATA[ 목차 위 배너 alt를 적어주세요. ]]>
                </description>
            </variable>

            <variable>
                <name>itciderarticlebanner2</name>
                <label>
                    <![CDATA[ 목차 아래 배너 활성화 여부 ]]>
                </label>
                <type>BOOL</type>
                <option />
                <default>false</default>
                <description>
                    <![CDATA[ 목차 아래 배너 활성화 여부 ]]>
                </description>
            </variable>

            <variable>
                <name>itciderarticlebanner2url</name>
                <label>
                    <![CDATA[ 목차 아래 배너 url ]]>
                </label>
                <type>STRING</type>
                <option />
                <default>https://itcider.com/903</default>
                <description>
                    <![CDATA[ 목차 아래 배너 url을 적어주세요. ]]>
                </description>
            </variable>

            <variable>
                <name>itciderarticlebanner2img</name>
                <label>
                    <![CDATA[ 목차 아래 배너 이미지 ]]>
                </label>
                <type>IMAGE</type>
                <option />
                <default></default>
                <description>
                    <![CDATA[ 목차 아래 배너 이미지를 적어주세요. ]]>
                </description>
            </variable>

            <variable>
                <name>itciderarticlebanner2alt</name>
                <label>
                    <![CDATA[ 목차 아래 배너 alt ]]>
                </label>
                <type>STRING</type>
                <option />
                <default>fi스킨 무료 다운로드</default>
                <description>
                    <![CDATA[ 목차 아래 배너 alt를 적어주세요. ]]>
                </description>
            </variable>
        </variablegroup>

 		<variablegroup name="게시글 부분 디자인 설정">
             <variable>
                <name>itcidercovergrad</name>
                <label>
                    <![CDATA[ 본문 상단의 썸네일 비활성화 및 그라데이션으로 교체 ]]>
                </label>
                <type>BOOL</type>
                <option />
                <default>true</default>
                <description>
                    <![CDATA[ 본문 상단의 썸네일 비활성화 및 그라데이션으로 교체 ]]>
                </description>
            </variable>
            <variable>
                <name>gradpixel</name>
                <label>
                    <![CDATA[본문 상단의 그라데이션 사용시 크기 설정]]>
                </label>
                <type>STRING</type>
                <option />
                <default>350</default>
                <description>
                    <![CDATA[본문 상단의 그라데이션 사용시 크기 설정]]>
                </description>
            </variable>
            <variable>
                <name>gradcolor1</name>
                <label>
                    <![CDATA[글 상단 그라데이션 컬러1 (라이트 모드에서)]]>
                </label>
                <type>COLOR</type>
                <option />
                <default>#FF735A</default>
                <description>
                    <![CDATA[글 상단 그라데이션 컬러1] (라이트 모드에서)]]>
                </description>
            </variable>
            <variable>
                <name>gradcolor2</name>
                <label>
                    <![CDATA[글 상단 그라데이션 컬러2 (라이트 모드에서)]]>
                </label>
                <type>COLOR</type>
                <option />
                <default>#5B9AFF</default>
                <description>
                    <![CDATA[글 상단 그라데이션 컬러2 (라이트 모드에서)]]>
                </description>
            </variable>
            <variable>
                <name>gradcolor3</name>
                <label>
                    <![CDATA[글 상단 그라데이션 컬러3 (라이트 모드에서)]]>
                </label>
                <type>COLOR</type>
                <option />
                <default>#0C009C</default>
                <description>
                    <![CDATA[글 상단 그라데이션 컬러3 (라이트 모드에서)]]>
                </description>
            </variable>
            <variable>
                <name>darkgradcolor1</name>
                <label>
                    <![CDATA[글 상단 그라데이션 컬러1 (다크 모드에서)]]>
                </label>
                <type>COLOR</type>
                <option />
                <default>#1100FF</default>
                <description>
                    <![CDATA[글 상단 그라데이션 컬러1 (다크 모드에서)]]>
                </description>
            </variable>
            <variable>
                <name>darkgradcolor2</name>
                <label>
                    <![CDATA[글 상단 그라데이션 컬러2 (다크 모드에서)]]>
                </label>
                <type>COLOR</type>
                <option />
                <default>#01329D</default>
                <description>
                    <![CDATA[글 상단 그라데이션 컬러2 (다크 모드에서)]]>
                </description>
            </variable>
            <variable>
                <name>darkgradcolor3</name>
                <label>
                    <![CDATA[글 상단 그라데이션 컬러3 (다크 모드에서)]]>
                </label>
                <type>COLOR</type>
                <option />
                <default>#FF55DF</default>
                <description>
                    <![CDATA[글 상단 그라데이션 컬러3 (다크 모드에서)]]>
                </description>
            </variable>
        </variablegroup>

 		<variablegroup name="제목글 꾸미기 설정">
             <variable>
                <name>postconfig</name>
                <label>
                    <![CDATA[ 제목글 꾸미기 활성화]]>
                </label>
                <type>BOOL</type>
                <option />
                <default>true</default>
                <description>
                    <![CDATA[ 제목글 꾸미기 활성화]]>
                </description>
            </variable>
            <variable>
                <name>posth2config</name>
                <label>
                    <![CDATA[ 제목1 (h2) 꾸미기 활성화 (라이트 모드에서)]]>
                </label>
                <type>BOOL</type>
                <option />
                <default>true</default>
                <description>
                    <![CDATA[ 제목1 (h2) 꾸미기 활성화 (라이트 모드에서)]]>
                </description>
            </variable>
            <variable>
                <name>posth2postcolor</name>
                <label>
                    <![CDATA[제목1 (h2) 글자 컬러 (라이트 모드에서)]]>
                </label>
                <type>COLOR</type>
                <option />
                <default>#fff</default>
                <description>
                    <![CDATA[제목1 (h2) 글자 컬러 (라이트 모드에서)]]>
                </description>
            </variable>
            <variable>
                <name>posth2color1</name>
                <label>
                    <![CDATA[제목1 (h2) 테두리 컬러1 (라이트 모드에서)]]>
                </label>
                <type>COLOR</type>
                <option />
                <default>#2f7fff</default>
                <description>
                    <![CDATA[제목1 (h2) 테두리 컬러1 (라이트 모드에서)]]>
                </description>
            </variable>
            <variable>
                <name>posth2color2</name>
                <label>
                    <![CDATA[제목1 (h2) 테두리 컬러2 (라이트 모드에서)]]>
                </label>
                <type>COLOR</type>
                <option />
                <default>#5B9AFF</default>
                <description>
                    <![CDATA[제목1 (h2) 테두리 컬러2 (라이트 모드에서)]]>
                </description>
            </variable>
            <variable>
                <name>posth2color3</name>
                <label>
                    <![CDATA[제목1 (h2) 테두리 컬러3 (라이트 모드에서)]]>
                </label>
                <type>COLOR</type>
                <option />
                <default>#aecdff</default>
                <description>
                    <![CDATA[제목1 (h2) 테두리 컬러3 (라이트 모드에서)]]>
                </description>
            </variable>
             <variable>
                <name>posth2darkconfig</name>
                <label>
                    <![CDATA[ 제목1 (h2) 꾸미기 활성화 (다크 모드에서)]]>
                </label>
                <type>BOOL</type>
                <option />
                <default>true</default>
                <description>
                    <![CDATA[ 제목1 (h2) 꾸미기 활성화 (다크 모드에서)]]>
                </description>
            </variable>
            <variable>
                <name>posth2darkpostcolor</name>
                <label>
                    <![CDATA[제목1 (h2) 글자 컬러 (다크 모드에서)]]>
                </label>
                <type>COLOR</type>
                <option />
                <default>#fff</default>
                <description>
                    <![CDATA[제목1 (h2) 글자 컬러 (다크 모드에서)]]>
                </description>
            </variable>
            <variable>
                <name>posth2darkcolor1</name>
                <label>
                    <![CDATA[제목1 (h2) 테두리 컬러1 (다크 모드에서)]]>
                </label>
                <type>COLOR</type>
                <option />
                <default>#2f7fff</default>
                <description>
                    <![CDATA[제목1 (h2) 테두리 컬러1 (다크 모드에서)]]>
                </description>
            </variable>
            <variable>
                <name>posth2darkcolor2</name>
                <label>
                    <![CDATA[제목1 (h2) 테두리 컬러2 (다크 모드에서)]]>
                </label>
                <type>COLOR</type>
                <option />
                <default>#5B9AFF</default>
                <description>
                    <![CDATA[제목1 (h2) 테두리 컬러2 (다크 모드에서)]]>
                </description>
            </variable>
            <variable>
                <name>posth2darkcolor3</name>
                <label>
                    <![CDATA[제목1 (h2) 테두리 컬러3 (다크 모드에서)]]>
                </label>
                <type>COLOR</type>
                <option />
                <default>#aecdff</default>
                <description>
                    <![CDATA[제목1 (h2) 테두리 컬러3 (다크 모드에서)]]>
                </description>
            </variable>
            <variable>
                <name>posth3config</name>
                <label>
                    <![CDATA[ 제목2 (h3) 꾸미기 활성화 (라이트 모드에서)]]>
                </label>
                <type>BOOL</type>
                <option />
                <default>false</default>
                <description>
                    <![CDATA[ 제목2 (h3) 꾸미기 활성화 (라이트 모드에서)]]>
                </description>
            </variable>
             <variable>
                <name>posth3postcolor</name>
                <label>
                    <![CDATA[제목2 (h3) 글자 색상 설정 (라이트 모드에서)]]>
                </label>
                <type>COLOR</type>
                <option />
                <default>#000</default>
                <description>
                    <![CDATA[제목2 (h3) 글자 색상 설정 (라이트 모드에서)]]>
                </description>
            </variable>
            <variable>
                <name>posth3color1</name>
                <label>
                    <![CDATA[제목2 (h3) 좌측 테두리 색상 설정 (라이트 모드에서)]]>
                </label>
                <type>COLOR</type>
                <option />
                <default>#5B9AFF</default>
                <description>
                    <![CDATA[제목2 (h3) 좌측 테두리 색상 설정 (라이트 모드에서)]]>
                </description>
            </variable>
            <variable>
                <name>posth3color2</name>
                <label>
                    <![CDATA[제목2 (h3) 하단 테두리 색상 설정 (라이트 모드에서)]]>
                </label>
                <type>COLOR</type>
                <option />
                <default>#2f7fff</default>
                <description>
                    <![CDATA[제목2 (h3) 하단 테두리 색상 설정 (라이트 모드에서)]]>
                </description>
            </variable>
              <variable>
                <name>posth3darkconfig</name>
                <label>
                    <![CDATA[ 제목2 (h3) 꾸미기 활성화 (다크 모드에서)]]>
                </label>
                <type>BOOL</type>
                <option />
                <default>false</default>
                <description>
                    <![CDATA[ 제목2 (h3) 꾸미기 활성화 (다크 모드에서)]]>
                </description>
            </variable>
             <variable>
                <name>posth3darkpostcolor</name>
                <label>
                    <![CDATA[제목2 (h3) 글자 색상 설정 (다크 모드에서)]]>
                </label>
                <type>COLOR</type>
                <option />
                <default>#fff</default>
                <description>
                    <![CDATA[제목2 (h3) 글자 색상 설정 (다크 모드에서)]]>
                </description>
            </variable>
            <variable>
                <name>posth3darkcolor1</name>
                <label>
                    <![CDATA[제목2 (h3) 좌측 테두리 색상 설정 (다크 모드에서)]]>
                </label>
                <type>COLOR</type>
                <option />
                <default>#5B9AFF</default>
                <description>
                    <![CDATA[제목2 (h3) 좌측 테두리 색상 설정 (다크 모드에서)]]>
                </description>
            </variable>
            <variable>
                <name>posth3darkcolor2</name>
                <label>
                    <![CDATA[제목2 (h3) 하단 테두리 색상 설정 (다크 모드에서)]]>
                </label>
                <type>COLOR</type>
                <option />
                <default>#2f7fff</default>
                <description>
                    <![CDATA[제목2 (h3) 하단 테두리 색상 설정 (다크 모드에서)]]>
                </description>
            </variable>
            <variable>
                <name>posth4config</name>
                <label>
                    <![CDATA[ 제목3 (h4) 꾸미기 활성화 (라이트 모드에서)]]>
                </label>
                <type>BOOL</type>
                <option />
                <default>false</default>
                <description>
                    <![CDATA[ 제목3 (h4) 꾸미기 활성화 (라이트 모드에서)]]>
                </description>
            </variable>
             <variable>
                <name>posth4postcolor</name>
                <label>
                    <![CDATA[제목3 (h4) 글자 색상 설정 (라이트 모드에서)]]>
                </label>
                <type>COLOR</type>
                <option />
                <default>#fff</default>
                <description>
                    <![CDATA[제목3 (h4) 글자 색상 설정 (라이트 모드에서)]]>
                </description>
            </variable>
            <variable>
                <name>posth4color1</name>
                <label>
                    <![CDATA[제목3 (h4) 하단 테두리 색상 설정 (라이트 모드에서)]]>
                </label>
                <type>COLOR</type>
                <option />
                <default>#5B9AFF</default>
                <description>
                    <![CDATA[제목3 (h4) 하단 테두리 색상 설정 (라이트 모드에서)]]>
                </description>
            </variable>
             <variable>
                <name>posth4darkconfig</name>
                <label>
                    <![CDATA[ 제목3 (h4) 꾸미기 활성화 (다크 모드에서)]]>
                </label>
                <type>BOOL</type>
                <option />
                <default>false</default>
                <description>
                    <![CDATA[ 제목3 (h4) 꾸미기 활성화 (다크 모드에서)]]>
                </description>
            </variable>
            <variable>
                <name>posth4darkpostcolor</name>
                <label>
                    <![CDATA[제목3 (h4) 글자 색상 설정 (다크 모드에서)]]>
                </label>
                <type>COLOR</type>
                <option />
                <default>#fff</default>
                <description>
                    <![CDATA[제목3 (h4) 글자 색상 설정 (다크 모드에서)]]>
                </description>
            </variable>
            <variable>
                <name>posth4darkcolor1</name>
                <label>
                    <![CDATA[제목3 (h4) 하단 테두리 색상 설정 (다크 모드에서)]]>
                </label>
                <type>COLOR</type>
                <option />
                <default>#5B9AFF</default>
                <description>
                    <![CDATA[제목3 (h4) 하단 테두리 색상 설정 (다크 모드에서)]]>
                </description>
            </variable>
        </variablegroup>

        <variablegroup name="하단부분 도구 아이콘">
            <variable>
                <name>webshare</name>
                <label>
                    <![CDATA[ 도구 버튼 전체 로딩 여부 (비활성화하시면 상단 버튼과 공유버튼이 비활성화됩니다.)]]>
                </label>
                <type>BOOL</type>
                <option />
                <default>true</default>
                <description>
                    <![CDATA[ 도구 버튼 전체 로딩 여부 (비활성화하시면 상단 버튼과 공유버튼이 비활성화됩니다.) ]]>
                </description>
            </variable>

            <variable>
                <name>shareurlcopybtn</name>
                <label>
                    <![CDATA[링크 복사 버튼 활성화]]>
                </label>
                <type>BOOL</type>
                <option />
                <default>true</default>
                <description>
                    <![CDATA[링크 복사 버튼 활성화 ]]>
                </description>
            </variable>
             <variable>
                <name>shareurlsharebtn</name>
                <label>
                    <![CDATA[링크 공유 버튼 활성화]]>
                </label>
                <type>BOOL</type>
                <option />
                <default>true</default>
                <description>
                    <![CDATA[링크 공유 버튼 활성화 ]]>
                </description>
            </variable>
              <variable>
                <name>sharesearchbtn</name>
                <label>
                    <![CDATA[검색버튼 (우하단의 검색 버튼) 활성화]]>
                </label>
                <type>BOOL</type>
                <option />
                <default>true</default>
                <description>
                    <![CDATA[검색버튼 (우하단의 검색 버튼) 활성화 ]]>
                </description>
            </variable>
            <variable>
                <name>sharesearchlink</name>
                <label>
				    <![CDATA[ 검색버튼 누를시 링크 ]]>
				</label>
                <description>
				<![CDATA[ 검색버튼 누를시 링크 ]]>
				</description>
                <type>STRING</type>
                <option></option>
                <default>https://ohon.net</default>
            </variable>
            <variable>
                <name>sharesearchalt</name>
                <label>
				    <![CDATA[ 검색관련 alt ]]>
				</label>
                <description>
				<![CDATA[ 검색관련 alt ]]>
				</description>
                <type>STRING</type>
                <option></option>
                <default>검색하기 by itcider.com</default>
            </variable>
              <variable>
                <name>gototopbtn</name>
                <label>
                    <![CDATA[상단버튼 (우하단의 화살표 버튼) 활성화]]>
                </label>
                <type>BOOL</type>
                <option />
                <default>true</default>
                <description>
                    <![CDATA[상단버튼 (우하단의 화살표 버튼) 활성화 ]]>
                </description>
            </variable>
              <variable>
                <name>sharesearchbtncolor</name>
                <label>
                    <![CDATA[도구 아이콘 배경 및 경계 활성화]]>
                </label>
                <type>BOOL</type>
                <option />
                <default>true</default>
                <description>
                    <![CDATA[도구 아이콘 배경 및 경계 활성화 ]]>
                </description>
            </variable>
            <variable>
                <name>toolkeyborderpx</name>
                <label>
                    <![CDATA[도구 아이콘 부분 경계선 설정]]>
                </label>
                <type>STRING</type>
                <option />
                <default>0.5</default>
                <description>
                    <![CDATA[도구 아이콘 부분 경계선 설정 ]]>
                </description>
            </variable>
            <variable>
                <name>toolkeybordercolor</name>
                <label>
                    <![CDATA[도구 아이콘 경계선 색상 설정]]>
                </label>
                <type>COLOR</type>
                <option />
                <default>#000</default>
                <description>
                    <![CDATA[도구 아이콘 경계선 색상 설정]]>
                </description>
            </variable>
            <variable>
                <name>toolkeybackgroundcolor</name>
                <label>
                    <![CDATA[도구 아이콘 배경 색상 설정]]>
                </label>
                <type>COLOR</type>
                <option />
                <default>#fff</default>
                <description>
                    <![CDATA[도구 아이콘 배경 색상 설정]]>
                </description>
            </variable>

        </variablegroup>

 		<variablegroup name="사이드바">
             <variable>
                <name>tistorymenu</name>
                <label>
                    <![CDATA[ 사이드바에서 메뉴 활성화 여부 ]]>
                </label>
                <type>BOOL</type>
                <option />
                <default>false</default>
                <description>
                    <![CDATA[ 사이드바에서 메뉴를 보일지 설정이 가능합니다. ]]>
                </description>
            </variable>
		    <variable>
                <name>tistorycategory</name>
                <label>
                    <![CDATA[ 사이드바에서 카테고리 활성화 여부 ]]>
                </label>
                <type>BOOL</type>
                <option />
                <default>true</default>
                <description>
                    <![CDATA[ 사이드바에서 카테고리를 보일지 설정이 가능합니다. ]]>
                </description>
            </variable>
            <variable>
                <name>tistoryrss</name>
                <label>
                    <![CDATA[ 사이드바에서 rss 활성화 여부 ]]>
                </label>
                <type>BOOL</type>
                <option />
                <default>false</default>
                <description>
                    <![CDATA[ rss를 보일지 설정이 가능합니다. ]]>
                </description>
            </variable>

            <variable>
                <name>tistoryadmin</name>
                <label>
                    <![CDATA[ 사이드바에서 관리자페이지 활성화 여부 ]]>
                </label>
                <type>BOOL</type>
                <option />
                <default>false</default>
                <description>
                    <![CDATA[ 관리페이지를 보일지 설정이 가능합니다. ]]>
                </description>
            </variable>
        </variablegroup>

 		<variablegroup name="하단바 설정">
            <variable>
                <name>footerconfig</name>
                <label>
                    <![CDATA[ 하단바 공개 여부 설정]]>
                </label>
                <type>BOOL</type>
                <option />
                <default>true</default>
                <description>
                    <![CDATA[ 하단바 공개 여부 설정 ]]>
                </description>
            </variable>
            <variable>
                <name>footerCopyright</name>
                <label>하단 카피라이트</label>
                <description></description>
                <type>STRING</type>
                <option></option>
                <default>copyright [##_title_##] all right reserved</default>
            </variable>
            <variable>
                <name>footerLink1Name</name>
                <label>하단 링크1 이름</label>
                <description></description>
                <type>STRING</type>
                <option></option>
                <default>fi스킨 설치하기</default>
            </variable>
            <variable>
                <name>footerLink1Url</name>
                <label>하단 링크1 URL</label>
                <description></description>
                <type>STRING</type>
                <option></option>
                <default>https://itcider.com/903</default>
            </variable>
            <variable>
                <name>footerLink2Name</name>
                <label>하단 링크2 이름</label>
                <description></description>
                <type>STRING</type>
                <option></option>
                <default>ohon 검색</default>
            </variable>
            <variable>
                <name>footerLink2Url</name>
                <label>하단 링크2 URL</label>
                <description></description>
                <type>STRING</type>
                <option></option>
                <default>https://ohon.net</default>
            </variable>
            <variable>
                <name>footerLink3Name</name>
                <label>하단 링크3 이름</label>
                <description></description>
                <type>STRING</type>
                <option></option>
                <default></default>
            </variable>
            <variable>
                <name>footerLink3Url</name>
                <label>하단 링크3 URL</label>
                <description></description>
                <type>STRING</type>
                <option></option>
                <default></default>
            </variable>
            <variable>
                <name>footerLink4Name</name>
                <label>하단 링크4 이름</label>
                <description></description>
                <type>STRING</type>
                <option></option>
                <default></default>
            </variable>
            <variable>
                <name>footerLink4Url</name>
                <label>하단 링크4 URL</label>
                <description></description>
                <type>STRING</type>
                <option></option>
                <default></default>
            </variable>
        </variablegroup>
    </variables>
</skin>